sName,sJobNo,sCard,Date,Time,IN/OUT,ReadID,EventMainCode,EventSubCode,AttendanceStatus,SerialNo
'Manoj Sharma','1','NULL',08-08-2026,14:37:22,'NULL',1,5,38,undefined,14
'Manoj Sharma','1','NULL',08-08-2026,14:37:33,'NULL',1,5,38,undefined,15
'Manoj Sharma','1','NULL',08-08-2026,14:39:22,'NULL',1,5,38,undefined,17
'Manoj Sharma','1','NULL',08-08-2026,16:43:37,'NULL',1,5,38,undefined,32
'Alok Kumar','PT2025080101','NULL',08-08-2026,14:14:45,'NULL',1,5,38,undefined,39
'Alok Kumar','PT2025080101','NULL',08-08-2026,14:14:57,'NULL',1,5,38,undefined,40
'Manoj Sharma','1','NULL',08-08-2026,14:15:17,'NULL',1,5,38,undefined,41
'Vikki Kumar','PT2026010103','NULL',08-08-2026,14:34:29,'NULL',1,5,38,undefined,51
'Alok Kumar','PT2025080101','NULL',08-08-2026,14:35:10,'NULL',1,5,38,checkIn,52
'Alok Kumar','PT2025080101','NULL',08-08-2026,14:35:21,'NULL',1,5,38,checkOut,53
'Alok Kumar','PT2025080101','NULL',08-08-2026,14:35:36,'NULL',1,5,38,checkIn,54
'Manoj Sharma','1','NULL',08-08-2026,16:39:16,'NULL',1,5,38,checkIn,67
'Vikki Kumar','PT2026010103','NULL',08-08-2026,16:46:36,'NULL',1,5,38,checkIn,77
'Komal Kushawaha','PT2026080102','NULL',08-08-2026,18:20:31,'NULL',1,5,38,checkOut,83
'Alok Kumar','PT2025080101','NULL',08-08-2026,18:58:33,'NULL',1,5,38,checkOut,89
'Alok Kumar','PT2025080101','NULL',10-08-2026,08:55:57,'NULL',1,5,38,undefined,97
'Alok Kumar','PT2025080101','NULL',10-08-2026,08:56:06,'NULL',1,5,38,checkIn,102
'Vikki Kumar','PT2026010103','NULL',10-08-2026,08:56:42,'NULL',1,5,38,checkIn,103
'Komal Kushawaha','PT2026080102','NULL',10-08-2026,09:28:38,'NULL',1,5,38,checkIn,105
'Komal Kushawaha','PT2026080102','NULL',10-08-2026,09:30:02,'NULL',1,5,38,checkIn,106
'Komal Kushawaha','PT2026080102','NULL',10-08-2026,18:16:25,'NULL',1,5,38,checkOut,107
'Alok Kumar','PT2025080101','NULL',10-08-2026,18:24:55,'NULL',1,5,38,checkOut,108
'Vikki Kumar','PT2026010103','NULL',10-08-2026,18:25:44,'NULL',1,5,38,checkOut,109
'Alok Kumar','PT2025080101','NULL',11-08-2026,08:57:43,'NULL',1,5,38,undefined,119
'Alok Kumar','PT2025080101','NULL',11-08-2026,08:58:05,'NULL',1,5,38,checkIn,121
'Komal Kushawaha','PT2026080102','NULL',11-08-2026,09:30:05,'NULL',1,5,38,checkIn,126
'Komal Kushawaha','PT2026080102','NULL',11-08-2026,18:21:13,'NULL',1,5,38,checkOut,127
'Vikki Kumar','PT2026010103','NULL',11-08-2026,18:23:34,'NULL',1,5,38,checkOut,128
'Alok Kumar','PT2025080101','NULL',11-08-2026,18:23:45,'NULL',1,5,38,checkOut,129
'Alok Kumar','PT2025080101','NULL',12-08-2026,09:04:44,'NULL',1,5,38,checkIn,138
'Alok Kumar','PT2025080101','NULL',12-08-2026,18:30:14,'NULL',1,5,38,checkOut,144
